{
    "K": [
        [
            452.95269775390625,
            0.0,
            310.0879211425781
        ],
        [
            0.0,
            602.3421810371328,
            239.1142649386602
        ],
        [
            0.0,
            0.0,
            1.0
        ]
    ],
    "resolution": [
        480,
        640
    ]
}